[
    {
        "type": "热门电视剧🔥",
        "datas": [
            {
                "title": "折腰",
                "pic": "http://tyyswimg.com/upload/vod/20250513-1/69361c788f318dba502218afa2c8234f.jpg",
                "acr": "宋祖儿,刘宇宁"
            },
            {
                "title": "藏海传",
                "pic": "https://p1.qhimg.com/t011990212380a27340.jpg",
                "acr": "肖战,张婧仪"
            },
            {
                "title": "淮水竹亭",
                "pic": "http://tyyswimg.com/upload/vod/20250428-1/3a33f4d4a5d2cb523df62978dc41a734.jpg",
                "acr": "刘诗诗,张云龙"
            },
            {
                "title": "绝密较量",
                "pic": "http://tyyswimg.com/upload/vod/20250428-1/2eb95ea966f24fb04014dbf40d30f07d.jpg",
                "acr": "张鲁一,高圆圆"
            },
            {
                "title": "人生若如初见",
                "pic": "https://img9.doubanio.com/view/photo/s_ratio_poster/public/p2602408104.jpg",
                "acr": "李现,春夏"
            },
            {
                "title": "刑警的日子",
                "pic": "http://tyyswimg.com/upload/vod/20250505-1/00cbc25715b951fa12ac67ba89c848ef.jpg",
                "acr": "欧豪,张佳宁"
            },
            {
                "title": "蛮好的人生",
                "pic": "https://images.67c6c7a.com/upload/vod/2025-04/p2920254166.jpg",
                "acr": "孙俪,董子健"
            },
            {
                "title": "无尽的尽头",
                "pic": "http://tyyswimg.com/upload/vod/20250424-1/e9021f9fa147de5a9b34c9e306c87fa1.jpg",
                "acr": "任素汐,高伟光"
            },
            {
                "title": "亲爱的仇敌",
                "pic": "http://tyyswimg.com/upload/vod/20250507-1/31e65a734f357d814f6b97fa5562b2c1.jpg",
                "acr": "高叶,陈妍希"
            }
        ]
    },
    {
        "type": "精选电影🔥",
        "datas": [
            {
                "title": "根本停不下来",
                "pic": "http://tyyswimg.com/upload/vod/20250510-1/5a30595c6544276070542c4905a331cb.jpg",
                "acr": "包贝尔,王智"
            },
            {
                "title": "蛇女",
                "pic": "https://image-70559.picnjc.qpic.cn/albumpic/c01be86801e04d420c2e7bfd4b0940fb.jpg",
                "acr": "蛇女"
            },
            {
                "title": "命悬一枪",
                "pic": "https://images.67c6c7a.com/upload/vod/2025-05/202505031746245970.jpg",
                "acr": "张晋,程怡"
            },
            {
                "title": "蚁型危机",
                "pic": "https://image-70559.picnjc.qpic.cn/albumpic/5b6834177cc92e2f9badede3da24bdb9.jpg",
                "acr": "蚁型危机"
            },
            {
                "title": "蛇岛求生​",
                "pic": "https://image-70559.picnjc.qpic.cn/albumpic/17876eec28c0a7c590a6d5803c8eea14.jpg",
                "acr": "蛇岛求生"
            },
            {
                "title": "暗涌",
                "pic": null,
                "acr": "暗涌"
            },
            {
                "title": "陈翔六点半之疯狂代号",
                "pic": "https://images.67c6c7a.com/upload/vod/2025-04/202504261745637772.jpg",
                "acr": "陈翔六点半之疯狂代号"
            },
            {
                "title": "猎虎",
                "pic": "https://images.67c6c7a.com/upload/vod/2025-03/202503171742192457.jpg",
                "acr": "斯力更 诺敏达来 王潇 刘尚 陈星羽 阿柔娜 特尼格日 余果"
            },
            {
                "title": "盲杀",
                "pic": "https://vcover-vt-pic.puui.qpic.cn/vcover_vt_pic/0/mzc0020069n727b1745295513881/260?imageView2/2/w/175/h/244",
                "acr": "盲杀"
            }
        ]
    },
    {
        "type": "精选动漫🔥",
        "datas": [
            {
                "title": "斗破苍穹年番",
                "pic": "https://m.ykimg.com/0510000063DFC1DE04959A120003023E",
                "acr": "不一,陈奕雯"
            },
            {
                "title": "画江湖之不良人第七季：九幽玄天",
                "pic": "https://vcover-vt-pic.puui.qpic.cn/vcover_vt_pic/0/mzc00200s5j9upv1737603032866/0",
                "acr": "画江湖之不良人第七季"
            },
            {
                "title": "仙逆",
                "pic": "http://p.qpic.cn/music_cover/PiajxSqBRaEKia1eoHwIziaXr2puiaSPVFfSrIc2BjODibJKVWjGpic63FxA/600",
                "acr": "王林,李慕婉"
            },
            {
                "title": "凡人修仙传",
                "pic": "http://mapp.alicdn.com/1595680650597Z5MUiRTY1zk441N.jpg",
                "acr": "钱文青,杨天翔"
            },
            {
                "title": "沧元图",
                "pic": "http://p.qpic.cn/music_cover/PiajxSqBRaEKia1eoHwIziaXmtJ9GCAzEnsyGiaEibgH73xFYSPWibGylyww/600",
                "acr": "三石,段艺璇"
            },
            {
                "title": "完美世界",
                "pic": "https://m.ykimg.com/05100000643A144F2C107A094E0D9E8F",
                "acr": "锦鲤,刘晴"
            },
            {
                "title": "牧神记",
                "pic": "https://images.weserv.nl/?url=https://lz.sinaimg.cn/large/8a65eec0gy1huik6bhwpqj207i0a077m.jpg",
                "acr": "牧神记"
            },
            {
                "title": "神印王座",
                "pic": "https://y.gtimg.cn/music/photo_new/T023R300x300M0000023Orf40pNWpG.jpg",
                "acr": "龙皓晨"
            },
            {
                "title": "师兄啊师兄",
                "pic": "http://p.qpic.cn/music_cover/PiajxSqBRaEKia1eoHwIziaXjneruCugZeibibQ7WZVN3x8IMTuiaBVf3JXQ/600",
                "acr": "未知"
            }
        ]
    }
]